employee_id,first_name,last_name,date_of_birth,ssn,email,phone_number,address,hire_date,job_title,department,salary,bank_account_number
1,Pamela,Fields,1993-11-09,321-11-2702,xrobertson@green.com,(621)412-6825x438,"USNS Wilson, FPO AE 29277",2020-01-31,Telecommunications researcher,IT,79817.61,QASR61122159422065
2,Tony,Baker,1961-08-27,211-65-2849,ashleylawrence@garcia-acosta.net,469.708.1229x93108,"6034 Kimberly Green, Turnerview, VA 56077",2024-12-11,Health visitor,IT,115355.36,OSIH85275715623351
3,Diane,Richardson,2002-08-26,277-27-8386,jaclynmorgan@hall.com,+1-302-940-1924x874,"PSC 9327, Box 7877, APO AP 96717",2024-03-15,"Engineer, structural",Sales,105581.1,VHXQ87368639950083
4,Meghan,Miller,1980-06-27,538-33-5241,heather13@dean.com,001-849-296-9365x575,"PSC 1156, Box 5547, APO AE 59447",2020-12-28,Information officer,Finance,63129.46,ONFC81628017274394
5,Julie,Bell,1986-04-26,036-85-2337,tiffanywong@henderson.com,001-366-448-6962x00254,"807 Richardson Estate, Lake Nicholasburgh, UT 21472",2019-01-18,Structural engineer,IT,78303.7,XTMZ94864343580259
6,James,Bailey,1998-02-08,748-91-0875,huntjordan@galloway.com,671.541.5302x06166,"2211 Vega Meadows Suite 421, Port Sarahland, WA 49904",2024-03-09,"Engineer, energy",IT,81156.13,LCJV67352344179103
7,Samantha,May,1999-11-26,504-23-1778,lauriepowell@smith.org,(667)990-8745x11411,"67609 Young Parkways, Michaelburgh, OH 93646",2022-04-23,Legal secretary,IT,69445.3,PZUA37731438319656
8,David,Williams,1982-01-15,162-73-2061,zsmith@carter-rodriguez.com,(802)910-1634x306,"18111 Tracy Light, Delacruzburgh, OH 58483",2018-07-29,Fisheries officer,IT,30465.18,EDQN32776851007009
9,Julie,Spencer,2002-12-20,175-02-0037,rosemary@shelton.info,799-897-3720x861,"9941 Kristin Village, West Emilyhaven, MN 41930",2024-06-27,"Designer, interior/spatial",Engineering,36352.09,VQCI02279115209801
10,Craig,Wood,1983-06-14,351-10-5805,crossclifford@evans.info,001-311-675-5631x0030,"2935 Rodney Valley, North Rogermouth, VI 04177",2018-05-12,Air cabin crew,Marketing,68029.37,ZNRK53409568143965
11,Christina,Hernandez,1991-11-01,599-98-7569,heidi20@peters.net,496-911-1813x2729,"8900 Samantha Drives Suite 203, Kelseyland, SC 28412",2022-05-27,Special educational needs teacher,HR,90914.76,BSTL83094584488576
12,Lisa,Shah,1968-05-06,526-24-2144,rwatson@kelly-king.com,338.337.8100x982,"632 Wanda Station Apt. 303, Cindyton, HI 25857",2016-06-25,"Engineer, structural",Finance,67112.13,NDBY93383529020744
13,Patricia,Diaz,1959-10-01,162-35-8773,kevincruz@olsen-owen.com,868-944-7312,"2166 Douglas Coves Apt. 036, Robertsonstad, PW 20021",2019-04-16,Equities trader,IT,80948.0,AIYU69140808537541
14,Nicole,Wagner,1994-04-11,219-70-5507,jonathangreen@zimmerman.org,767-647-2081x097,"29453 James Falls Apt. 805, Jessicastad, MD 41698",2017-02-15,Occupational therapist,Finance,61228.15,XIQH15054146538324
15,Gabrielle,Rodriguez,1964-08-28,364-45-3242,cherylwoods@wagner.com,900.784.6058x643,"3970 Christopher Freeway, New Joshuafurt, AL 65680",2019-11-21,"Scientist, biomedical",Engineering,105499.63,QHFS29558520400055
16,Ryan,Spears,1997-04-22,226-16-8733,toni57@fowler-ray.org,+1-407-583-8872x4390,"16187 Anna Creek, Quinnborough, ID 24763",2021-03-25,"Engineer, structural",Finance,117668.5,GAIY14132878441097
17,William,Gray,1974-03-21,029-58-3168,davidmartin@stein.com,775-217-2000,"92457 Thomas Port Suite 333, Freemanburgh, TX 01031",2016-10-01,Health physicist,Finance,60888.73,NOOK66851915080380
18,Tyler,Bean,2005-04-09,805-37-7054,brownheather@brennan-payne.net,(405)491-1392,"Unit 1047 Box 0174, DPO AP 24630",2024-12-17,"Civil engineer, consulting",HR,60187.77,DEHH91377847036068
19,Gregory,Thomas,1970-12-22,185-18-6499,angelabanks@mcdonald.com,917.667.1420,"20157 Sarah Views Suite 902, Hugheshaven, CA 04304",2018-05-07,"Social research officer, government",IT,53828.42,TAGF48067208274589
20,Mark,Tyler,1971-09-20,018-59-1291,debra18@lee-moreno.org,001-599-473-0996x353,"73654 Rodriguez Radial Suite 410, South Isaacville, IA 97993",2023-09-22,Operational investment banker,HR,55228.9,NWHJ66196916159964
21,James,Ramos,1975-08-11,143-41-2788,megan04@strickland.net,001-851-325-7106x84205,"37563 Brady Camp Apt. 221, Port Sarah, NC 77008",2022-06-28,Armed forces logistics/support/administrative officer,Support,103159.75,ZJTJ71080505788876
22,Brandon,Mahoney,1999-09-06,386-44-6308,scottbrian@castillo.org,657-630-0589,"666 Lawson Spring, New Cynthia, LA 42120",2015-11-09,"Engineer, biomedical",Engineering,43410.8,PYTP99318788727472
23,Victoria,Ferguson,1975-03-09,747-55-5481,jmitchell@mitchell.biz,301-279-9595x781,"43670 Nichols Forks, Jeffreyton, SC 55317",2020-10-01,Psychiatric nurse,Support,109301.08,PEEX40765939920480
24,Robert,Krause,1969-12-25,695-20-0960,llane@davis-ramos.com,724-846-4477x8614,"41734 Lewis Row Apt. 957, West Belindaview, TN 85732",2023-02-10,Art therapist,Sales,44208.18,GCPK26347474714397
25,Jennifer,English,1991-04-13,195-44-9160,katiegreen@jones.com,(855)996-4538x51982,"6654 Brooks Islands Suite 222, New Shanefurt, FM 63232",2022-04-24,Legal secretary,IT,108098.03,HVCI34732211819661
26,Jamie,Bates,2003-08-12,413-51-7232,nataliedouglas@vazquez.biz,(898)647-0272x5361,"14242 Logan Center, Martinchester, KS 17650",2019-02-15,Chief Operating Officer,Finance,108403.91,VPQN21597020539013
27,Daniel,Morse,1997-01-02,609-72-6383,tony98@meyer.com,+1-833-271-6151,"46545 Church Fork, New Nicole, SC 20912",2022-01-02,Financial controller,IT,66991.8,WDVQ85149929517211
28,Sara,West,1976-03-22,561-40-5228,hillteresa@montoya.org,668-713-9504x2560,"70289 Palmer Island, Port Christopherview, CA 78009",2021-06-13,English as a foreign language teacher,Support,48183.4,AYBQ70060597898249
29,Lisa,Williams,1963-08-03,139-10-5235,keithbuck@foster.com,554.603.8211,"402 Henry Cape Suite 437, Port Hannah, WV 98942",2016-07-10,Quantity surveyor,Sales,75109.63,EILA63782071364817
30,Christopher,Miller,1983-11-05,516-41-8515,teresasoto@johnson-walker.net,894.994.6296,"272 Shawna Manor Suite 942, Port Bernardshire, NH 23257",2017-07-10,Learning disability nurse,Sales,66647.54,SMEG54144777720204
31,Natasha,Davis,1990-02-24,860-68-9609,marcus88@mason.com,001-499-381-7457x07120,"449 Pittman Locks, Kirkhaven, AS 35995",2017-03-05,"Engineer, aeronautical",Support,88611.09,KUUE63377577959052
32,Karen,King,1989-02-15,485-35-8615,thomashebert@mejia-ryan.com,(743)896-6165x94774,"7652 Melanie Springs Suite 121, Johnsonmouth, SC 22549",2025-01-06,Interior and spatial designer,Finance,63758.76,UMQB76979702089571
33,Susan,Cummings,1995-01-13,380-19-6261,lauren57@flowers.biz,621-507-7846x11091,"207 Roy Brook, Coryberg, KS 50089",2023-01-03,"Scientist, research (physical sciences)",Sales,49487.36,AIVK57641362404347
34,George,Hernandez,1987-07-05,642-29-6634,jared81@kim-olson.info,526.888.0419x884,"9493 Lowe Camp Apt. 316, North Jennifer, MI 21238",2023-01-11,International aid/development worker,Sales,62048.07,EKRK56513937755514
35,Chris,Allen,2003-11-26,869-49-0314,lbrooks@ballard.org,001-960-224-4010,"904 Cook Springs Suite 381, Davidview, PA 63755",2016-09-13,Biomedical scientist,Sales,67632.0,AHOF09732745402389
36,Donna,Elliott,1991-05-24,559-79-2638,trodriguez@brooks.com,7577879532,"USNS Powell, FPO AP 91942",2020-02-04,Chief Strategy Officer,Engineering,51336.38,IBKG79283169836959
37,Eric,Ross,1990-01-29,026-07-2095,gabrielsmith@castillo.com,(711)886-2936x7934,"PSC 0479, Box 7714, APO AE 90605",2019-07-24,Press photographer,Support,54384.08,PZKC53794861825277
38,Ricky,Vance,1968-12-05,696-88-7581,sharpjames@harrison-stevens.com,(760)328-7984x3866,"Unit 9498 Box 8880, DPO AE 81520",2020-04-14,Community arts worker,Marketing,98135.95,ONFL79449789891156
39,Scott,Arroyo,1960-10-27,346-15-6258,pbonilla@farmer.com,524-663-4034x6941,"421 Clarke Causeway Apt. 319, Denisehaven, MT 17640",2024-08-04,Physiological scientist,IT,115042.14,YKRN52577210001206
40,Nathaniel,Barnett,1981-02-12,553-32-1369,robertcastillo@burgess.biz,863-358-8196x75358,"755 Christopher Glens, Delgadostad, FL 48693",2023-04-23,Arboriculturist,Marketing,52676.96,ZRCK17458833605987
41,John,Bush,2000-08-07,091-97-1526,nicole88@brady.biz,001-532-226-7843x997,"459 Johnson Point, South Marioview, SC 44055",2019-04-23,Management consultant,Engineering,113836.9,IJAX82608840139731
42,Victoria,Bolton,1992-09-18,274-52-3604,gonzalezsarah@sanchez-werner.com,(385)804-7787x4101,"964 Phillips Oval, Brewermouth, AR 78356",2019-02-10,Maintenance engineer,Sales,60235.26,QYIY85041750061784
43,Regina,Payne,2001-11-06,785-60-1409,nicole10@morrow-brown.net,647.601.2533x48236,"83425 Robbins Common, South Seanland, KY 14274",2021-12-19,Training and development officer,Engineering,101895.2,FEIE67717377649986
44,Tammy,Cortez,1960-05-16,145-39-8770,pinedacharles@huber.com,001-254-466-6251x17386,"7064 Salas Oval Suite 433, Austinton, AR 60174",2019-05-06,Ergonomist,Engineering,38026.28,MSTJ76108721942451
45,Michael,Fitzgerald,1993-08-24,102-83-1680,angela56@reyes.net,5262019248,"983 Jack Green Apt. 860, Kennethview, CO 77143",2020-08-26,Best boy,Sales,58142.6,AQKA01189920570208
46,Lisa,Mccarthy,1991-10-23,566-78-4620,imedina@wright-whitaker.com,513.950.8729x11442,"01620 Smith Pine, Port Wanda, DE 19787",2020-07-31,"Scientist, research (physical sciences)",Sales,100851.12,PUNZ63303605301433
47,Jeffrey,Lam,1997-10-02,433-08-5033,amy41@hamilton.net,(483)532-5620x32471,"0293 Mcdowell Shore, Porterview, GU 89299",2021-06-03,Waste management officer,IT,84505.13,STYM84812215671972
48,Elizabeth,Nichols,1987-03-03,231-08-7452,rbrown@mcneil.org,(968)698-9257x9038,"164 Wilson Lane Apt. 924, South Gabrielle, NE 32898",2020-11-02,Fisheries officer,HR,47309.56,XTHH00707935983927
49,Alexander,Mendez,1994-12-27,114-22-7510,pgeorge@pace.com,426-489-3945x703,"85058 Michael Stravenue, Cherylville, MO 77385",2023-10-26,Housing manager/officer,Marketing,85829.41,TCQM19967778242593
50,Matthew,Steele,1971-05-24,134-33-6553,zkhan@russell.com,7343778873,"49203 Pamela Estate, Lake Alicia, NE 20057",2016-06-30,Airline pilot,Engineering,47832.76,BNMV57106341209243
51,Samuel,Hubbard,1975-12-08,479-15-1567,pmorgan@terrell.biz,817-222-4418,"2459 Thompson Ranch Suite 658, Martinside, MT 76336",2023-07-10,"Designer, interior/spatial",Sales,90879.8,UNJU40528248577648
52,Tina,Sullivan,1973-08-22,242-66-6754,fitzgeraldmeagan@pugh.com,(772)837-9230x1296,"97704 Lindsey Trafficway Apt. 321, East Danielberg, KY 67493",2021-03-15,Musician,IT,111213.93,EKUL88939815250085
53,Julie,Shelton,2004-09-20,780-11-8075,anitasloan@richardson.com,604.983.3897,"75136 Vasquez Street Suite 394, North Sean, AR 27220",2018-03-08,"Engineer, drilling",IT,82734.74,ZNDE33769330269356
54,Ryan,Roach,1999-06-15,478-41-1322,laurencooper@anderson-campbell.com,259.352.8649,"6785 Myers Parks, New Tinafort, AL 32637",2022-09-25,Estate agent,HR,66129.8,MNTL07710687600725
55,Daniel,Edwards,2007-05-04,853-78-6896,bryanlisa@woodard.com,266-274-9028x21667,"Unit 2241 Box 5331, DPO AA 76833",2017-02-25,Geophysicist/field seismologist,Sales,59057.84,GBBZ12722722498600
56,Jeffrey,Thornton,1996-08-29,775-51-9949,enguyen@bates.org,+1-350-898-9657x07452,"6177 Donna Crescent, Erinfort, ND 10237",2016-05-07,Theatre manager,Finance,83898.59,LSJD62655840740529
57,Leah,Morris,1986-09-02,707-89-7530,candace98@gilbert.com,457.954.4572,"7603 William Trail Apt. 187, South Seanchester, IN 94807",2021-10-29,Naval architect,Support,53468.62,GQZJ54113260716911
58,Eric,Scott,1988-06-27,641-64-8693,murraylisa@watts.com,481.453.1684,"76954 Jake Glens Apt. 305, Teresaport, AL 52839",2019-08-31,Trade mark attorney,Support,81519.91,QVKN98406612776799
59,Jason,Gonzalez,1968-03-01,402-04-0707,dliu@banks.info,001-910-784-7817x6973,"4884 Hale Cliff, Jacquelineside, TN 80548",2021-07-20,Animal nutritionist,HR,39107.13,SZNG62892900233164
60,Chris,Clark,1997-08-26,421-82-2581,wendystephens@williams.com,213.202.4635,"9015 Amy Parks Suite 726, Kevinfort, IN 20454",2022-02-22,Ambulance person,Marketing,103598.84,RJEP49185115595383
61,Sherri,Frye,1976-11-29,688-01-9516,sheppardkathryn@allen.org,479.598.7779,"55232 Robert Junction, East Joshua, CA 51489",2016-06-05,Chartered legal executive (England and Wales),HR,109792.74,FGDT75618353560224
62,Kelli,Fisher,2005-01-22,811-09-7081,pauldawson@williams.com,+1-247-519-1852x95463,"3952 Theresa Expressway, Mitchellfurt, VA 53543",2018-03-24,"Librarian, academic",IT,90765.17,ZRFY17824878198503
63,Ryan,Reese,2006-04-29,277-55-3022,bryansanford@burton.net,414.480.9806,"755 Kathleen Turnpike, Robertsmouth, CT 57409",2022-02-06,Recycling officer,IT,82560.68,UHCU50712491384178
64,Julie,Montgomery,1986-01-18,013-42-9894,kenneth97@browning.net,+1-746-671-9935,"8538 John Passage Suite 656, Austinview, SC 47393",2020-12-15,"Therapist, sports",Marketing,31259.38,UQYO24384377397598
65,Tiffany,Stone,1988-09-16,684-18-6773,vasquezdaniel@ferguson.com,3065369672,"Unit 3100 Box 8612, DPO AP 20068",2015-08-20,Human resources officer,Sales,110790.19,QMJE72121418903493
66,Keith,Thomas,1972-11-09,353-24-4109,lowecaroline@taylor.com,333-245-7845x9220,"099 Willis Underpass Suite 718, Juliefurt, NC 60257",2024-08-26,Television/film/video producer,HR,76348.91,MKJM74719423016677
67,Phillip,Stein,2003-02-19,576-06-6831,sarasmith@gutierrez.info,333.996.6950x18592,"4565 Christopher Junctions, Adamsfurt, IA 05251",2021-11-25,"Nurse, mental health",Marketing,49332.69,IPTX39508967018029
68,John,Phillips,1991-11-07,513-32-3904,margaret31@smith.com,(400)907-5093,"4381 Powell Circle Suite 332, North Madisonberg, NH 03379",2017-11-21,Psychiatrist,IT,115398.94,HLES87222272054627
69,Richard,Frye,2005-10-01,270-28-4690,jason13@rodriguez.org,001-707-402-6900x007,"42410 Amanda Estate Suite 550, North Jennifer, HI 37277",2023-02-14,"Designer, furniture",IT,41791.37,BMIV57484976926831
70,Caitlin,Hebert,1989-11-12,238-11-6771,bstein@lambert.com,4924256402,"862 John Cliff Apt. 465, North Johnstad, HI 38940",2019-08-09,Tax adviser,Support,79727.09,JOCN15899842331625
71,Theresa,Ritter,1996-09-26,252-66-2190,richardhunt@payne.com,(822)525-0328x945,"3139 Jerry Green Apt. 106, New Carolynberg, SC 20294",2020-01-12,Environmental manager,Support,91864.34,WODF56503952207967
72,Robert,Williams,1982-01-18,211-75-8547,charlesgonzalez@french-garcia.net,382-403-1015,"2267 Daniel Spurs Suite 705, South Stephenbury, AS 09510",2024-12-30,Investment analyst,Sales,61177.49,XIOJ69313902512321
73,Vanessa,Robinson,1997-01-07,125-02-4576,randy61@hardy-brewer.org,402-669-9905x6635,"8997 Pham Common, Geraldstad, NM 37719",2015-08-16,Corporate investment banker,HR,106882.08,SNQI62772169467562
74,Jason,Cooper,1986-06-25,269-15-7891,swilliams@howell-lindsey.biz,614-637-5950,"USCGC Lynn, FPO AE 33671",2022-07-23,Chief Strategy Officer,IT,114892.91,CGTX63414399794867
75,Veronica,Padilla,1996-03-05,158-27-3857,jamesduran@rogers-garcia.info,(418)677-5524x8094,"025 Eric Curve Apt. 487, North Johnstad, MI 16508",2018-07-14,Market researcher,Marketing,44200.9,ZRCX85624370460977
76,Christina,Smith,1986-07-07,667-32-8828,mia85@howell.com,617-533-5814x427,"8164 Mendez Hills, South David, UT 29746",2024-12-10,"Chemist, analytical",Sales,62307.19,BATZ25112298569682
77,Linda,Miller,2003-09-21,824-86-2769,torresmarissa@wells.com,(814)563-7413x656,"3612 Hall Track Apt. 051, Lake Zacharyview, MS 28436",2023-05-03,Geoscientist,Engineering,119838.03,MGMF62103199033405
78,Kevin,Moore,1980-07-08,819-24-4383,emilyfinley@watkins.org,563.238.0226x75666,"98835 Ashley Well, Dianeburgh, MA 93031",2020-07-05,Chiropodist,Sales,39788.79,THIH80349949005753
79,Paul,Wilson,1987-12-22,205-50-3809,ocastillo@carter.com,612.656.5098,"43344 Raymond Oval, West Angelaborough, VA 40804",2018-05-13,Architect,Support,79707.43,OYNH80572195122079
80,Gabrielle,Baldwin,1988-12-03,296-82-6496,gcochran@jackson-sanchez.com,4639051975,"46647 Thomas Forge, Moralesstad, FM 52438",2018-01-18,"Designer, multimedia",Engineering,82474.17,QGYI69661303688419
81,Jerry,Chavez,1972-01-21,544-50-1447,jacobday@marsh.com,910-640-0442x7113,"62002 Gomez Throughway Suite 467, Christopherhaven, IN 69343",2022-05-16,"Doctor, general practice",IT,43234.12,LCMB34396097125249
82,Mark,Ortiz,1963-01-28,067-72-9764,andrew03@white.net,(230)275-6898,"37692 Flores Causeway Apt. 099, Arellanoland, PR 62861",2024-01-16,"Programmer, applications",Finance,89705.21,DCSJ90094168372583
83,Alan,House,1966-12-26,336-59-8316,alexanderjonathan@smith-hill.info,2182077970,"62576 Martinez Turnpike, East Benjamin, NJ 28087",2022-01-29,Health service manager,Finance,49772.55,DDGB28323588456188
84,Lisa,Wright,1974-06-20,745-04-9474,amandasmith@johnson.com,889.809.7681x27375,"4053 Moran Mountain Suite 854, Darrellbury, MD 03415",2022-06-11,Technical brewer,Marketing,65265.78,OEFO30659331017194
85,Joshua,Carr,2000-06-20,386-66-5866,dcortez@davis-ramirez.biz,(944)609-9860x413,"862 Calhoun Spring, Madelineville, DC 17335",2018-03-26,"Conservation officer, nature",IT,41188.6,WYDW93583714667497
86,Brooke,Davis,1973-10-04,058-72-1993,brianpatel@browning.org,505-424-7352x8496,"30906 Whitehead Stravenue, New Eric, VT 54609",2017-08-03,Child psychotherapist,IT,73661.29,SAQG76891439132211
87,Samuel,Hendrix,1960-12-25,346-76-1195,ucook@goodwin.biz,4196722501,"381 Garcia River Apt. 339, Lake James, NM 61769",2019-01-14,Educational psychologist,HR,90983.9,XFXB56699084293228
88,Joseph,Byrd,1967-11-23,657-40-3825,jessica36@snyder.com,(859)844-4877,"82176 Kenneth Corners, Lisaville, ME 04139",2018-06-08,Structural engineer,Support,83860.78,ESGH29210577622979
89,Jose,Yoder,1992-01-21,479-48-0234,melissalong@mahoney.org,223-490-7923x6193,"2939 Ashley Street, Kingborough, NV 42479",2018-04-01,"Engineer, control and instrumentation",Marketing,43638.81,CHOT32912746570233
90,Theresa,Rhodes,1978-08-12,436-97-1752,brownjudy@davis-brown.com,440-388-7434x69313,"06699 David Drive Apt. 844, Smithberg, VI 82921",2024-01-28,Geophysical data processor,Marketing,42588.48,AILW62742695706932
91,Frank,Walker,1965-12-15,691-74-7046,amy68@murray.com,986.693.0625,"19115 Michael Path, Richardburgh, IN 76441",2017-06-19,"Production assistant, radio",Marketing,42567.13,DOHT00762586256629
92,Robert,Davis,1997-09-06,146-95-2239,kelly27@decker.com,283.306.3206x205,"8891 Harris Land Apt. 230, Lake Vincentchester, RI 70737",2017-05-01,Aeronautical engineer,IT,33360.04,KGBD11420113517537
93,Timothy,Rodriguez,1999-06-17,760-53-9121,tmorgan@singh-sanchez.info,784-282-7300x21119,"370 Katelyn Trail, Holtmouth, PR 74189",2022-08-20,Air broker,Marketing,77883.83,VTGP34101706473934
94,Krista,Wiggins,1993-08-27,323-59-8992,jasmineevans@parks-williams.com,468.898.5778x856,"USNS Barnes, FPO AP 47226",2025-06-04,Music tutor,Sales,42020.97,EZTR56847963513234
95,Benjamin,Clark,1971-01-30,542-10-0096,laurencarter@sanchez-white.net,+1-678-320-8165x20543,"43323 Kelly Mount Apt. 662, North Susan, AR 96680",2019-10-25,"Geneticist, molecular",HR,58595.41,OOWX73186488679096
96,William,Young,2002-01-28,695-23-4190,briannelson@shaw.com,+1-326-541-1522,"13966 Wallace Valleys, East Julia, HI 82029",2020-02-12,"Nurse, mental health",IT,100232.02,NFIU81254177328053
97,Hannah,Dean,2004-05-29,478-28-5210,smithcarla@burns.biz,727-875-2331x4403,"1205 Krystal Parkway, Danielleport, MA 06253",2024-01-10,Publishing copy,Marketing,52092.64,IHHA01741720159227
98,Jeffery,Torres,1991-04-24,653-44-3054,tinamarquez@wilkerson.com,207.752.7285,"456 Malone Crescent Apt. 488, Lake Melissafurt, IA 54111",2021-11-27,Waste management officer,Engineering,56010.96,FYYW11223314588106
99,Manuel,Adams,1982-07-03,082-31-9669,fharris@robbins-anthony.info,+1-328-510-2076,"18640 Garcia Ford Apt. 714, New Danaburgh, LA 75930",2022-06-14,Financial adviser,Marketing,91619.86,WTPY46045210568316
100,David,Diaz,1971-04-08,525-23-0553,lunakenneth@abbott.com,732-522-6447x82176,"553 Michelle Keys, Howellstad, IL 84190",2022-07-19,Broadcast engineer,Sales,80227.1,IUZX96701140534063
